Workbook

Sheet STATUS
A1: IOA | B1: SCADAkey | C1: AOR | D1: type | E1: Station | F1: Name | G1: Prueba | H1: Comentarios
A2: XXX | B2: XX | C2: XXX | D2: X | E2: X | F2: X | G2: =IFERROR(VLOOKUP(B2, SOE!F:G, 2, FALSE), "No probado") -> No probado
G3: =IFERROR(VLOOKUP(B3, SOE!F:G, 2, FALSE), "No probado") -> No probado
G4: =IFERROR(VLOOKUP(B4, SOE!F:G, 2, FALSE), "No probado") -> No probado
G5: =IFERROR(VLOOKUP(B5, SOE!F:G, 2, FALSE), "No probado") -> No probado
G6: =IFERROR(VLOOKUP(B6, SOE!F:G, 2, FALSE), "No probado") -> No probado
G7: =IFERROR(VLOOKUP(B7, SOE!F:G, 2, FALSE), "No probado") -> No probado
G8: =IFERROR(VLOOKUP(B8, SOE!F:G, 2, FALSE), "No probado") -> No probado | K8: TABLA AVANCE
G9: =IFERROR(VLOOKUP(B9, SOE!F:G, 2, FALSE), "No probado") -> No probado
G10: =IFERROR(VLOOKUP(B10, SOE!F:G, 2, FALSE), "No probado") -> No probado | J10: Tipo de Señal | K10: TOTAL DE SEÑALES | L10: VALIDADAS | M10: NO VALIDADAS | N10: % Avance
G11: =IFERROR(VLOOKUP(B11, SOE!F:G, 2, FALSE), "No probado") -> No probado | J11: DP | K11: =+SUM(L11,M11) -> 0 | L11: =COUNTIFS($B:$B, "02*", $G:$G, "Good") -> 0 | M11: =COUNTIFS($B:$B, "02*", $G:$G, "No probado") -> 0 | N11: =+IFERROR((L11/K11)*100,"N/A") -> N/A
G12: =IFERROR(VLOOKUP(B12, SOE!F:G, 2, FALSE), "No probado") -> No probado | J12: SP | K12: =+SUM(L12,M12) -> 0 | L12: =COUNTIFS($B:$B, "01*", $G:$G, "Good") -> 0 | M12: =COUNTIFS($B:$B, "01*", $G:$G, "No probado") -> 0 | N12: =+IFERROR((L12/K12)*100,"N/A") -> N/A
G13: =IFERROR(VLOOKUP(B13, SOE!F:G, 2, FALSE), "No probado") -> No probado | J13: Medidas | K13: =COUNTIF(ANALOG!$B:$B, "03*")+COUNTIF(ANALOG!$B:$B, "04*") -> 0 | L13: =+K13-M13 -> 0 | M13: =COUNTIFS(ANALOG!$B:$B, "03*", ANALOG!$G:$G, "No probado")+COUNTIFS(ANALOG!$B:$B, "04*", ANALOG!$G:$G, "No probado") -> 0 | N13: =+IFERROR((L13/K13)*100,"N/A") -> N/A
G14: =IFERROR(VLOOKUP(B14, SOE!F:G, 2, FALSE), "No probado") -> No probado | J14: Comandos | K14: =COUNTIF(CMD!$B:$B, "02*")+COUNTIF(CMD!$B:$B, "41*") -> 0 | L14: =COUNTIFS(CMD!$B:$B, "02*", CMD!$E:$E, "ok")+COUNTIFS(CMD!$B:$B, "41*", CMD!$E:$E, "ok") -> 0 | M14: =+K14-L14 -> 0 | N14: =+IFERROR((L14/K14)*100,"N/A") -> N/A
G15: =IFERROR(VLOOKUP(B15, SOE!F:G, 2, FALSE), "No probado") -> No probado
G16: =IFERROR(VLOOKUP(B16, SOE!F:G, 2, FALSE), "No probado") -> No probado
G17: =IFERROR(VLOOKUP(B17, SOE!F:G, 2, FALSE), "No probado") -> No probado
G18: =IFERROR(VLOOKUP(B18, SOE!F:G, 2, FALSE), "No probado") -> No probado
G19: =IFERROR(VLOOKUP(B19, SOE!F:G, 2, FALSE), "No probado") -> No probado
G20: =IFERROR(VLOOKUP(B20, SOE!F:G, 2, FALSE), "No probado") -> No probado
G21: =IFERROR(VLOOKUP(B21, SOE!F:G, 2, FALSE), "No probado") -> No probado
G22: =IFERROR(VLOOKUP(B22, SOE!F:G, 2, FALSE), "No probado") -> No probado
G23: =IFERROR(VLOOKUP(B23, SOE!F:G, 2, FALSE), "No probado") -> No probado
G24: =IFERROR(VLOOKUP(B24, SOE!F:G, 2, FALSE), "No probado") -> No probado
G25: =IFERROR(VLOOKUP(B25, SOE!F:G, 2, FALSE), "No probado") -> No probado
G26: =IFERROR(VLOOKUP(B26, SOE!F:G, 2, FALSE), "No probado") -> No probado
... G1535: =IFERROR(VLOOKUP(B1535, SOE!F:G, 2, FALSE), "No probado") -> No probado

Sheet ANALOG
A1: IOA | B1: SCADAkey | C1: AOR | D1: type | E1: Station | F1: Name | G1: Prueba | H1: Comentarios
A2: X | B2: X | C2: X | D2: X | E2: X | F2: X | G2: =IFERROR((VLOOKUP(B2,SOE!F:G,2,FALSE)),"No probado") -> No probado
G3: =IFERROR((VLOOKUP(B3,SOE!F:G,2,FALSE)),"No probado") -> No probado
G4: =IFERROR((VLOOKUP(B4,SOE!F:G,2,FALSE)),"No probado") -> No probado
G5: =IFERROR((VLOOKUP(B5,SOE!F:G,2,FALSE)),"No probado") -> No probado
G6: =IFERROR((VLOOKUP(B6,SOE!F:G,2,FALSE)),"No probado") -> No probado
G7: =IFERROR((VLOOKUP(B7,SOE!F:G,2,FALSE)),"No probado") -> No probado
G8: =IFERROR((VLOOKUP(B8,SOE!F:G,2,FALSE)),"No probado") -> No probado
G9: =IFERROR((VLOOKUP(B9,SOE!F:G,2,FALSE)),"No probado") -> No probado
G10: =IFERROR((VLOOKUP(B10,SOE!F:G,2,FALSE)),"No probado") -> No probado
G11: =IFERROR((VLOOKUP(B11,SOE!F:G,2,FALSE)),"No probado") -> No probado
G12: =IFERROR((VLOOKUP(B12,SOE!F:G,2,FALSE)),"No probado") -> No probado
G13: =IFERROR((VLOOKUP(B13,SOE!F:G,2,FALSE)),"No probado") -> No probado
G14: =IFERROR((VLOOKUP(B14,SOE!F:G,2,FALSE)),"No probado") -> No probado
... G1494: =IFERROR((VLOOKUP(B1494,SOE!F:G,2,FALSE)),"No probado") -> No probado

Sheet CMD
A1: IOA | B1: ScadaKey | C1: Type | D1: Name | E1: Prueba
A2: X | B2: X | C2: X | D2: X

Sheet SOE
A1: Date/Time | B1: Event/Time | C1: Station Name | D1: Point Name | E1: Value | F1: SCADA Key | G1: Time Quality | H1: Scan Quality | I1: Comentarios
